Date,Open,High,Low,Close,Adj Close,Volume
1/1/1950,16.66,16.66,16.66,16.66,16.66,1260000
2/1/1950,17.049999,17.049999,17.049999,17.049999,17.049999,1810000
3/1/1950,17.24,17.24,17.24,17.24,17.24,1410000
4/1/1950,17.34,17.530001,17.34,17.530001,17.530001,2250000
5/1/1950,18.07,18.219999,18.07,18.219999,18.219999,3550000
6/1/1950,18.77,18.77,18.77,18.77,18.77,1580000
7/1/1950,17.639999,17.639999,17.639999,17.639999,17.639999,1550000
8/1/1950,18.02,18.02,18.02,18.02,18.02,1970000
9/1/1950,18.549999,18.549999,18.549999,18.549999,18.549999,1290000
10/1/1950,19.690001,19.690001,19.690001,19.690001,19.690001,2200000
11/1/1950,19.559999,19.559999,19.559999,19.559999,19.559999,1780000
12/1/1950,19.66,19.66,19.66,19.66,19.66,1870000
1/1/1951,20.41,20.77,20.41,20.77,20.77,4560000
2/1/1951,21.77,21.77,21.77,21.77,21.77,2380000
3/1/1951,21.85,21.85,21.85,21.85,21.85,1610000
4/1/1951,21.4,21.4,21.32,21.32,21.32,1760000
5/1/1951,22.530001,22.530001,22.530001,22.530001,22.530001,1760000
6/1/1951,21.48,21.48,21.48,21.48,21.48,9810000
7/1/1951,21.1,21.1,21.1,21.1,21.1,1350000
8/1/1951,22.51,22.51,22.51,22.51,22.51,1680000
9/1/1951,23.280001,23.280001,23.280001,23.280001,23.280001,1520000
10/1/1951,23.469999,23.469999,23.469999,23.469999,23.469999,1330000
11/1/1951,23.1,23.1,23.1,23.1,23.1,1430000
12/1/1951,22.940001,23.01,22.940001,23.01,23.01,6260000
1/1/1952,23.799999,23.799999,23.799999,23.799999,23.799999,1070000
2/1/1952,24.299999,24.299999,24.299999,24.299999,24.299999,1350000
3/1/1952,23.280001,23.290001,23.280001,23.290001,23.290001,1480000
4/1/1952,24.18,24.18,24.18,24.18,24.18,1720000
5/1/1952,23.17,23.17,23.17,23.17,23.17,1400000
6/1/1952,23.799999,23.799999,23.799999,23.799999,23.799999,1190000
7/1/1952,25.120001,25.120001,25.120001,25.120001,25.120001,1450000
8/1/1952,25.450001,25.450001,25.450001,25.450001,25.450001,1050000
9/1/1952,25.15,25.15,25.15,25.15,25.15,970000
10/1/1952,24.48,24.48,24.48,24.48,24.48,1060000
11/1/1952,24.6,24.6,24.6,24.6,24.6,1670000
12/1/1952,25.68,25.68,25.68,25.68,25.68,2100000
1/1/1953,26.540001,26.540001,26.540001,26.540001,26.540001,1450000
2/1/1953,26.51,26.51,26.51,26.51,26.51,1890000
3/1/1953,25.93,25.93,25.93,25.93,25.93,1760000
4/1/1953,25.25,25.25,25.25,25.25,25.25,2240000
5/1/1953,24.73,24.73,24.73,24.73,24.73,1200000
6/1/1953,24.15,24.15,24.15,24.15,24.15,1490000
7/1/1953,24.24,24.24,24.24,24.24,24.24,910000
8/1/1953,24.84,24.84,24.84,24.84,24.84,1160000
9/1/1953,23.42,23.42,23.42,23.42,23.42,1580000
10/1/1953,23.49,23.49,23.49,23.49,23.49,940000
11/1/1953,24.66,24.66,24.66,24.66,24.66,1340000
12/1/1953,24.780001,24.780001,24.780001,24.780001,24.780001,1580000
1/1/1954,24.950001,24.950001,24.950001,24.950001,24.950001,1310000
2/1/1954,25.99,25.99,25.99,25.99,25.99,1740000
3/1/1954,26.25,26.25,26.25,26.25,26.25,2040000
4/1/1954,27.17,27.17,27.17,27.17,27.17,2270000
5/1/1954,28.209999,28.209999,28.209999,28.209999,28.209999,1870000
6/1/1954,29.190001,29.190001,29.190001,29.190001,29.190001,1850000
7/1/1954,29.209999,29.209999,29.209999,29.209999,29.209999,1860000
8/1/1954,30.99,30.99,30.99,30.99,30.99,2850000
9/1/1954,30.040001,30.040001,30.040001,30.040001,30.040001,1790000
10/1/1954,32.290001,32.290001,32.290001,32.290001,32.290001,1850000
11/1/1954,31.790001,31.790001,31.790001,31.790001,31.790001,1790000
12/1/1954,33.990002,33.990002,33.990002,33.990002,33.990002,3100000
1/1/1955,36.75,36.75,36.75,36.75,36.75,4570000
2/1/1955,36.720001,36.720001,36.720001,36.720001,36.720001,3320000
3/1/1955,36.830002,36.830002,36.830002,36.830002,36.830002,2830000
4/1/1955,36.950001,36.950001,36.950001,36.950001,36.950001,2660000
5/1/1955,38.040001,38.040001,38.040001,38.040001,38.040001,2220000
6/1/1955,37.959999,37.959999,37.959999,37.959999,37.959999,2510000
7/1/1955,41.189999,41.189999,41.189999,41.189999,41.189999,2540000
8/1/1955,42.93,42.93,42.93,42.93,42.93,2190000
9/1/1955,43.369999,43.369999,43.369999,43.369999,43.369999,1860000
10/1/1955,42.490002,42.490002,42.490002,42.490002,42.490002,2720000
11/1/1955,42.279999,42.279999,42.279999,42.279999,42.279999,1590000
12/1/1955,45.349998,45.349998,45.349998,45.349998,45.349998,2370000
1/1/1956,45.16,45.16,45.16,45.16,45.16,2390000
2/1/1956,44.029999,44.029999,44.029999,44.029999,44.029999,2010000
3/1/1956,45.540001,45.540001,45.540001,45.540001,45.540001,2410000
4/1/1956,48.700001,48.700001,48.700001,48.700001,48.700001,3120000
5/1/1956,48.16,48.16,48.16,48.16,48.16,2500000
6/1/1956,45.580002,45.580002,45.580002,45.580002,45.580002,1440000
7/1/1956,46.93,46.93,46.93,46.93,46.93,1610000
8/1/1956,49.619999,49.619999,49.619999,49.619999,49.619999,2230000
9/1/1956,47.889999,47.889999,47.889999,47.889999,47.889999,1790000
10/1/1956,44.700001,44.700001,44.700001,44.700001,44.700001,2600000
11/1/1956,46.52,46.52,46.52,46.52,46.52,1890000
12/1/1956,45.98,45.98,45.98,45.98,45.98,2570000
1/1/1957,46.200001,46.200001,46.200001,46.200001,46.200001,1960000
2/1/1957,44.619999,44.619999,44.619999,44.619999,44.619999,1680000
3/1/1957,43.740002,43.740002,43.740002,43.740002,43.740002,1700000
4/1/1957,44.139999,44.139999,44.139999,44.139999,44.139999,1620000
5/1/1957,46.02,46.02,46.02,46.02,46.02,2310000
6/1/1957,47.369999,47.369999,47.369999,47.369999,47.369999,2050000
7/1/1957,47.43,47.43,47.43,47.43,47.43,1840000
8/1/1957,47.790001,47.790001,47.790001,47.790001,47.790001,1660000
9/1/1957,45.439999,45.439999,45.439999,45.439999,45.439999,1490000
10/1/1957,42.759998,42.759998,42.759998,42.759998,42.759998,1680000
11/1/1957,40.439999,40.439999,40.439999,40.439999,40.439999,2060000
12/1/1957,41.360001,41.360001,41.360001,41.360001,41.360001,2430000
1/1/1958,40.330002,40.330002,40.330002,40.330002,40.330002,1800000
2/1/1958,42.040001,42.040001,42.040001,42.040001,42.040001,2490000
3/1/1958,41.130001,41.130001,41.130001,41.130001,41.130001,1810000
4/1/1958,41.93,41.93,41.93,41.93,41.93,2070000
5/1/1958,43.540001,43.540001,43.540001,43.540001,43.540001,2630000
6/1/1958,44.310001,44.310001,44.310001,44.310001,44.310001,2770000
7/1/1958,45.279999,45.279999,45.279999,45.279999,45.279999,2600000
8/1/1958,47.490002,47.490002,47.490002,47.490002,47.490002,3380000
9/1/1958,48,48,48,48,48,2930000
10/1/1958,49.98,49.98,49.98,49.98,49.98,3780000
11/1/1958,51.560001,51.560001,51.560001,51.560001,51.560001,3240000
12/1/1958,52.689999,52.689999,52.689999,52.689999,52.689999,3800000
1/1/1959,55.439999,55.439999,55.439999,55.439999,55.439999,3380000
2/1/1959,55.209999,55.209999,55.209999,55.209999,55.209999,3610000
3/1/1959,55.73,55.73,55.73,55.73,55.73,4210000
4/1/1959,55.689999,55.689999,55.689999,55.689999,55.689999,2980000
5/1/1959,57.650002,57.650002,57.650002,57.650002,57.650002,3020000
6/1/1959,58.630001,58.630001,58.630001,58.630001,58.630001,2730000
7/1/1959,58.970001,58.970001,58.970001,58.970001,58.970001,3150000
8/1/1959,60.709999,60.709999,60.709999,60.709999,60.709999,2410000
9/1/1959,58.869999,58.869999,58.869999,58.869999,58.869999,2430000
10/1/1959,56.939999,56.939999,56.939999,56.939999,56.939999,2660000
11/1/1959,57.41,57.41,57.41,57.41,57.41,3320000
12/1/1959,58.700001,58.700001,58.700001,58.700001,58.700001,3990000
1/1/1960,59.91,59.91,59.91,59.91,59.91,3990000
2/1/1960,55.959999,55.959999,55.959999,55.959999,55.959999,2820000
3/1/1960,56.009998,56.009998,56.009998,56.009998,56.009998,2920000
4/1/1960,55.43,55.43,55.43,55.43,55.43,2260000
5/1/1960,54.130001,54.130001,54.130001,54.130001,54.130001,2930000
6/1/1960,55.889999,55.889999,55.889999,55.889999,55.889999,3770000
7/1/1960,57.060001,57.060001,57.060001,57.060001,57.060001,2620000
8/1/1960,55.529999,55.529999,55.529999,55.529999,55.529999,2440000
9/1/1960,57.09,57.09,57.09,57.09,57.09,3460000
10/1/1960,53.360001,53.360001,53.360001,53.360001,53.360001,2220000
11/1/1960,53.939999,53.939999,53.939999,53.939999,53.939999,2600000
12/1/1960,55.299999,55.299999,55.299999,55.299999,55.299999,3090000
1/1/1961,57.57,57.57,57.57,57.57,57.57,2770000
2/1/1961,61.900002,61.900002,61.900002,61.900002,61.900002,4380000
3/1/1961,63.43,63.43,63.43,63.43,63.43,4970000
4/1/1961,65.599998,65.599998,65.599998,65.599998,65.599998,6470000
5/1/1961,65.169998,65.169998,65.169998,65.169998,65.169998,3710000
6/1/1961,66.559998,66.559998,66.559998,66.559998,66.559998,3770000
7/1/1961,65.209999,65.209999,65.209999,65.209999,65.209999,2180000
8/1/1961,67.370003,67.370003,67.370003,67.370003,67.370003,3990000
9/1/1961,68.190002,68.190002,68.190002,68.190002,68.190002,2710000
10/1/1961,66.769997,66.769997,66.769997,66.769997,66.769997,2800000
11/1/1961,68.730003,68.730003,68.730003,68.730003,68.730003,3210000
12/1/1961,71.779999,71.779999,71.779999,71.779999,71.779999,4420000
1/1/1962,71.550003,71.959999,70.709999,70.959999,70.959999,3120000
2/1/1962,68.839996,69.650002,68.559998,69.260002,69.260002,4260000
3/1/1962,69.959999,70.599998,69.760002,70.199997,70.199997,2960000
4/1/1962,69.550003,69.82,69.129997,69.370003,69.370003,2790000
5/1/1962,65.239998,65.940002,63.759998,65.699997,65.699997,5100000
6/1/1962,59.630001,59.959999,58.52,59.380001,59.380001,5760000
7/1/1962,54.75,56.02,54.470001,55.860001,55.860001,3450000
8/1/1962,58.23,58.299999,57.509998,57.75,57.75,3100000
9/1/1962,59.119999,59.490002,58.439999,58.560001,58.560001,2970000
10/1/1962,56.27,56.310001,55.259998,55.490002,55.490002,3090000
11/1/1962,56.52,57.310001,55.900002,57.119999,57.119999,3400000
12/1/1962,62.259998,62.450001,61.279999,61.939999,61.939999,3810000
1/1/1963,63.099998,63.389999,62.32,62.689999,62.689999,2540000
2/1/1963,66.309998,66.309998,66.309998,66.309998,66.309998,4280000
3/1/1963,64.290001,64.75,63.799999,64.099998,64.099998,3920000
4/1/1963,66.57,67.18,66.230003,66.849998,66.849998,3890000
5/1/1963,69.800003,70.43,69.610001,69.970001,69.970001,5060000
6/1/1963,70.800003,71.239998,70.389999,70.690002,70.690002,5400000
7/1/1963,69.370003,69.529999,68.580002,68.860001,68.860001,3360000
8/1/1963,69.129997,69.470001,68.639999,69.07,69.07,3410000
9/1/1963,72.5,73.089996,72.300003,72.660004,72.660004,5570000
10/1/1963,71.699997,72.650002,71.57,72.220001,72.220001,4420000
11/1/1963,74.010002,74.440002,73.470001,73.830002,73.830002,5240000
12/1/1963,73.230003,74.080002,73.019997,73.660004,73.660004,4770000
1/1/1964,75.019997,75.790001,74.82,75.43,75.43,4680000
2/1/1964,77.040001,77.550003,76.529999,76.970001,76.970001,4140000
3/1/1964,77.800003,78.379997,77.5,77.970001,77.970001,5690000
4/1/1964,78.980003,79.580002,78.669998,79.239998,79.239998,5510000
5/1/1964,79.459999,80.470001,79.459999,80.169998,80.169998,5990000
6/1/1964,80.370003,80.830002,79.830002,80.110001,80.110001,4300000
7/1/1964,81.690002,82.510002,81.459999,82.269997,82.269997,5320000
8/1/1964,83.18,83.489998,82.650002,83,83,3780000
9/1/1964,81.830002,82.5,81.57,82.18,82.18,4650000
10/1/1964,84.18,84.529999,83.739998,84.080002,84.080002,4470000
11/1/1964,84.860001,85.540001,84.510002,85.18,85.18,4430000
12/1/1964,84.419998,84.559998,83.360001,83.550003,83.550003,4940000
1/1/1965,84.75,85.150002,83.769997,84.230003,84.230003,3930000
2/1/1965,87.559998,88.010002,87.050003,87.580002,87.580002,5690000
3/1/1965,87.43,87.93,86.919998,87.25,87.25,5780000
4/1/1965,86.160004,86.730003,85.870003,86.32,86.32,4890000
5/1/1965,89.110001,89.68,88.620003,89.230003,89.230003,5340000
6/1/1965,88.419998,88.800003,87.879997,88.720001,88.720001,4830000
7/1/1965,84.120003,84.639999,83.57,84.480003,84.480003,4520000
8/1/1965,85.25,85.870003,84.870003,85.419998,85.419998,4220000
9/1/1965,87.169998,87.629997,86.690002,87.169998,87.169998,5890000
10/1/1965,89.959999,90.480003,89.300003,89.900002,89.900002,7470000
11/1/1965,92.419998,92.919998,91.730003,92.230003,92.230003,6340000
12/1/1965,91.610001,92.260002,91.019997,91.5,91.5,10140000
1/1/1966,92.43,92.870003,91.629997,92.18,92.18,5950000
2/1/1966,92.879997,93.360001,91.610001,92.160004,92.160004,9090000
3/1/1966,91.220001,91.650002,89.760002,90.059998,90.059998,11030000
4/1/1966,89.230003,90.370003,88.959999,89.940002,89.940002,9050000
5/1/1966,91.059998,91.75,90.43,90.900002,90.900002,7070000
6/1/1966,86.129997,86.650002,85.279999,86.099998,86.099998,5290000
7/1/1966,84.739998,86.080002,84.739998,85.610001,85.610001,5200000
8/1/1966,83.5,83.5,81.980003,82.309998,82.309998,5880000
9/1/1966,77.099998,78.5,76.660004,77.699997,77.699997,6250000
10/1/1966,76.559998,76.980003,74.709999,74.900002,74.900002,6490000
11/1/1966,80.199997,81.18,79.790001,80.809998,80.809998,6480000
12/1/1966,80.449997,81.040001,79.660004,80.080002,80.080002,8480000
1/1/1967,80.330002,81.610001,79.589996,80.379997,80.379997,6100000
2/1/1967,86.610001,87.040001,85.68,86.43,86.43,9580000
3/1/1967,86.779999,88.360001,86.669998,87.68,87.68,11510000
4/1/1967,90.199997,90.370003,88.760002,89.239998,89.239998,8530000
5/1/1967,94.010002,94.599998,93.080002,93.839996,93.839996,9410000
6/1/1967,89.080002,90.760002,88.809998,90.230003,90.230003,9040000
7/1/1967,90.639999,91.32,90.120003,90.910004,90.910004,6040000
8/1/1967,94.75,95.839996,94.199997,95.370003,95.370003,12290000
9/1/1967,93.639999,94.209999,93,93.68,93.68,7460000
10/1/1967,96.709999,97.25,95.82,96.32,96.32,9240000
11/1/1967,93.300003,94.209999,92.449997,92.709999,92.709999,10930000
12/1/1967,94,94.949997,93.410004,94.5,94.5,9740000
1/1/1968,96.470001,97.330002,95.309998,96.110001,96.110001,11080000
2/1/1968,92.239998,93.139999,91.57,92.559998,92.559998,10590000
3/1/1968,89.360001,89.82,88.580002,89.110001,89.110001,8610000
4/1/1968,91.110001,93.550003,91.110001,92.480003,92.480003,17730000
5/1/1968,97.459999,98.610001,96.839996,97.970001,97.970001,14440000
6/1/1968,98.720001,100.620003,98.720001,99.989998,99.989998,14970000
7/1/1968,99.580002,100.330002,98.769997,99.400002,99.400002,11280000
8/1/1968,97.739998,98.82,96.779999,97.279999,97.279999,14380000
9/1/1968,98.860001,99.889999,98.309998,99.32,99.32,8620000
10/1/1968,102.669998,103.580002,101.800003,102.860001,102.860001,15560000
11/1/1968,103.410004,104.300003,102.360001,103.059998,103.059998,14480000
12/1/1968,108.370003,109.370003,107.150002,108.120003,108.120003,15390000
1/1/1969,103.860001,104.849998,103.209999,103.93,103.93,9800000
2/1/1969,103.010002,103.75,102.040001,102.889999,102.889999,12510000
3/1/1969,98.129997,99.080002,97.610001,98.379997,98.379997,8260000
4/1/1969,101.510002,102.449997,100.839996,101.419998,101.419998,12360000
5/1/1969,103.690002,104.589996,102.739998,103.510002,103.510002,14380000
6/1/1969,103.459999,103.75,102.400002,102.940002,102.940002,9180000
7/1/1969,97.709999,98.660004,97.129997,98.080002,98.080002,9890000
8/1/1969,91.919998,94.190002,91.919998,93.470001,93.470001,15070000
9/1/1969,95.510002,96.309998,94.849998,95.540001,95.540001,8560000
10/1/1969,93.120003,93.510002,92.120003,92.519997,92.519997,9090000
11/1/1969,97.120003,97.82,96.190002,97.150002,97.150002,11140000
12/1/1969,93.809998,94.470001,92.779999,93.220001,93.220001,9950000
1/1/1970,92.059998,93.540001,91.790001,93,93,8050000
2/1/1970,85.019997,86.760002,84.760002,85.75,85.75,13440000
3/1/1970,89.5,90.800003,88.919998,89.709999,89.709999,12270000
4/1/1970,89.629997,90.620003,89.300003,90.07,90.07,9810000
5/1/1970,81.519997,82.32,80.269997,81.440002,81.440002,8290000
6/1/1970,76.550003,78.400002,75.839996,77.839996,77.839996,15020000
7/1/1970,72.720001,73.660004,72.110001,72.940002,72.940002,8610000
8/1/1970,78.050003,78.239998,76.559998,77.019997,77.019997,7650000
9/1/1970,81.519997,81.800003,80.43,80.949997,80.949997,10960000
10/1/1970,84.300003,84.699997,83.459999,84.32,84.32,9700000
11/1/1970,83.25,83.989998,82.660004,83.510002,83.510002,9470000
12/1/1970,87.199997,88.610001,86.110001,87.470001,87.470001,20170000
1/1/1971,92.150002,92.190002,90.639999,91.150002,91.150002,10010000
2/1/1971,95.879997,97.050003,95.379997,96.419998,96.419998,20650000
3/1/1971,96.75,97.480003,96.110001,97,97,13020000
4/1/1971,100.309998,100.989998,99.629997,100.389999,100.389999,13470000
5/1/1971,103.949997,104.110001,102.370003,103.290001,103.290001,16120000
6/1/1971,99.629997,100.760002,99.220001,100.199997,100.199997,11930000
7/1/1971,99.160004,100.650002,99.160004,99.779999,99.779999,13090000
8/1/1971,95.580002,96.760002,95.220001,95.959999,95.959999,11870000
9/1/1971,99.029999,99.839996,98.5,99.07,99.07,10770000
10/1/1971,98.339996,99.489998,97.959999,98.93,98.93,13400000
11/1/1971,94.230003,94.43,92.480003,92.800003,92.800003,10960000
12/1/1971,93.989998,96.120003,93.949997,95.440002,95.440002,21040000
1/1/1972,102.089996,102.849998,101.190002,101.669998,101.669998,12570000
2/1/1972,103.940002,104.57,103.099998,104.010002,104.010002,19600000
3/1/1972,106.57,108.129997,106.209999,107.349998,107.349998,23670000
4/1/1972,107.199997,108.260002,106.75,107.480003,107.480003,14990000
5/1/1972,107.669998,108,106.300003,106.690002,106.690002,12880000
6/1/1972,109.529999,110.349998,108.970001,109.690002,109.690002,14910000
7/1/1972,107.139999,107.949997,106.720001,107.489998,107.489998,8140000
8/1/1972,107.389999,108.849998,107.059998,108.400002,108.400002,15540000
9/1/1972,111.089996,112.120003,110.699997,111.510002,111.510002,11600000
10/1/1972,110.550003,110.980003,109.489998,110.160004,110.160004,12440000
11/1/1972,111.580002,113.309998,111.32,112.669998,112.669998,21360000
12/1/1972,116.669998,118.18,116.290001,117.379997,117.379997,22570000
1/1/1973,118.059998,119.900002,118.059998,119.099998,119.099998,17090000
2/1/1973,116.029999,117.010002,114.260002,114.760002,114.760002,20670000
3/1/1973,111.68,112.980003,110.68,111.050003,111.050003,18210000
4/1/1973,111.519997,111.699997,109.68,110.18,110.18,10640000
5/1/1973,106.970001,108,105.339996,107.099998,107.099998,15380000
6/1/1973,104.949997,105.040001,103.309998,103.93,103.93,10410000
7/1/1973,104.099998,104.099998,102.440002,102.900002,102.900002,9830000
8/1/1973,108.169998,108.169998,106.290001,106.830002,106.830002,13530000
9/1/1973,104.25,105.349998,103.599998,104.510002,104.510002,14210000
10/1/1973,108.43,108.980003,107.080002,108.209999,108.209999,15830000
11/1/1973,108.290001,109.199997,106.879997,107.690002,107.690002,16920000
12/1/1973,95.830002,95.830002,92.919998,93.900002,93.900002,17900000
1/1/1974,97.550003,98.379997,96.25,97.68,97.68,12060000
2/1/1974,96.57,96.629997,94.660004,95.32,95.32,12480000
3/1/1974,96.220001,96.400002,94.809998,95.529999,95.529999,12880000
4/1/1974,93.980003,94.68,92.82,93.25,93.25,11470000
5/1/1974,90.309998,93.029999,89.82,92.220001,92.220001,15120000
6/1/1974,87.279999,89.400002,86.779999,89.099998,89.099998,12490000
7/1/1974,86,86.889999,85.32,86.019997,86.019997,10270000
8/1/1974,79.309998,80.019997,77.970001,78.75,78.75,11470000
9/1/1974,72.150002,73.010002,70.279999,70.519997,70.519997,12750000
10/1/1974,63.540001,64.370003,61.75,63.389999,63.389999,16890000
11/1/1974,73.900002,74.849998,72.68,73.879997,73.879997,13470000
12/1/1974,69.800003,69.800003,67.809998,68.110001,68.110001,11140000
1/1/1975,68.650002,70.919998,68.650002,70.230003,70.230003,14800000
2/1/1975,76.980003,78.550003,76.360001,77.82,77.82,25400000
3/1/1975,81.589996,83.459999,81.32,83.029999,83.029999,24100000
4/1/1975,83.360001,83.589996,81.980003,82.639999,82.639999,14480000
5/1/1975,87.300003,89.099998,86.940002,88.099998,88.099998,20660000
6/1/1975,91.32,93.410004,91.32,92.580002,92.580002,28240000
7/1/1975,95.190002,95.730003,94.129997,94.849998,94.849998,20390000
8/1/1975,88.75,89.040001,87.459999,87.989998,87.989998,13320000
9/1/1975,86.879997,87.419998,85.209999,85.480003,85.480003,11460000
10/1/1975,83.870003,85.449997,82.57,82.93,82.93,14070000
11/1/1975,89.040001,89.209999,87.779999,88.089996,88.089996,11400000
12/1/1975,91.239998,91.900002,90.330002,90.669998,90.669998,16050000
1/1/1976,90.190002,91.18,89.809998,90.900002,90.900002,10300000
2/1/1976,100.860001,101.389999,99.739998,100.870003,100.870003,24000000
3/1/1976,99.709999,100.639999,98.669998,100.019997,100.019997,22070000
4/1/1976,102.769997,103.239998,101.5,102.239998,102.239998,17910000
5/1/1976,101.639999,101.730003,100.139999,100.919998,100.919998,15180000
6/1/1976,100.18,100.739998,99.360001,99.849998,99.849998,13880000
7/1/1976,104.279999,104.980003,103.139999,103.589996,103.589996,21130000
8/1/1976,103.440002,103.980003,102.639999,103.190002,103.190002,13870000
9/1/1976,102.910004,104.300003,102.599998,104.059998,104.059998,18640000
10/1/1976,105.239998,105.75,103.599998,104.169998,104.169998,20620000
11/1/1976,102.900002,103.779999,102.190002,103.099998,103.099998,18390000
12/1/1976,102.099998,103.029999,101.620003,102.489998,102.489998,21960000
1/1/1977,107.459999,107.970001,106.419998,107,107,21280000
2/1/1977,102.029999,103.059998,101.57,102.540001,102.540001,23700000
3/1/1977,99.82,101.029999,99.650002,100.660004,100.660004,19480000
4/1/1977,98.419998,99.57,98.379997,99.209999,99.209999,17050000
5/1/1977,98.440002,99.260002,97.970001,98.93,98.93,17970000
6/1/1977,96.120003,97.269997,95.889999,96.93,96.93,18320000
7/1/1977,100.480003,100.760002,99.629997,100.099998,100.099998,18160000
8/1/1977,98.849998,99.839996,98.459999,99.120003,99.120003,17920000
9/1/1977,96.769997,97.540001,96.349998,96.830002,96.830002,18820000
10/1/1977,96.529999,97.110001,95.860001,96.739998,96.739998,19460000
11/1/1977,92.190002,92.190002,91,91.349998,91.349998,17170000
12/1/1977,94.830002,95.449997,94.230003,94.690002,94.690002,24220000
1/1/1978,95.099998,95.150002,93.489998,93.82,93.82,17720000
2/1/1978,89.25,90.239998,88.82,89.93,89.93,22240000
3/1/1978,87.040001,87.629997,86.449997,87.190002,87.190002,21010000
4/1/1978,89.199997,89.199997,88.07,88.459999,88.459999,20230000
5/1/1978,96.830002,98.300003,96.410004,97.669998,97.669998,37020000
6/1/1978,97.239998,97.949997,96.629997,97.349998,97.349998,28750000
7/1/1978,95.529999,95.650002,94.620003,95.089996,95.089996,11560000
8/1/1978,100.68,101.459999,99.949997,100.660004,100.660004,34810000
9/1/1978,103.290001,104.269997,102.730003,103.68,103.68,35070000
10/1/1978,102.540001,103.419998,102.129997,102.959999,102.959999,18700000
11/1/1978,94.129997,97.410004,94.129997,96.849998,96.849998,50450000
12/1/1978,95.010002,96.690002,95.010002,96.279999,96.279999,26830000
1/1/1979,96.110001,96.959999,95.220001,96.730003,96.730003,18340000
2/1/1979,99.93,100.379997,99.010002,99.959999,99.959999,27930000
3/1/1979,96.279999,97.279999,95.980003,96.900002,96.900002,23830000
4/1/1979,101.559998,101.559998,100.139999,100.900002,100.900002,28990000
5/1/1979,101.760002,102.5,101.220001,101.68,101.68,31040000
6/1/1979,99.080002,99.699997,98.57,99.169998,99.169998,24560000
7/1/1979,102.910004,103,101.449997,101.989998,101.989998,32060000
8/1/1979,103.809998,104.57,103.139999,104.169998,104.169998,36570000
9/1/1979,109.32,109.410004,107.220001,107.440002,107.440002,33350000
10/1/1979,109.190002,109.190002,107.699997,108.559998,108.559998,24980000
11/1/1979,101.82,103.07,101.099998,102.57,102.57,25880000
12/1/1979,106.160004,106.650002,105.07,105.830002,105.830002,29030000
1/1/1980,107.940002,108.43,105.290001,105.760002,105.760002,40610000
2/1/1980,114.160004,115.540001,113.129997,115.120003,115.120003,46610000
3/1/1980,113.660004,114.339996,112.010002,112.5,112.5,38690000
4/1/1980,102.089996,103.279999,100.849998,102.18,102.18,32230000
5/1/1980,106.290001,106.860001,104.720001,105.459999,105.459999,32480000
6/1/1980,111.239998,112.150002,110.059998,110.760002,110.760002,32710000
7/1/1980,114.239998,115.449997,113.540001,114.93,114.93,34340000
8/1/1980,121.669998,122.379997,120.080002,121.209999,121.209999,46440000
9/1/1980,122.379997,124.360001,121.790001,123.739998,123.739998,35290000
10/1/1980,125.459999,127.879997,124.660004,127.129997,127.129997,48720000
11/1/1980,127.470001,129.850006,127.230003,129.039993,129.039993,35820000
12/1/1980,140.520004,140.660004,136.75,137.210007,137.210007,48180000
1/1/1981,135.759995,137.100006,134.610001,136.339996,136.339996,28870000
2/1/1981,129.479996,129.479996,125.82,126.910004,126.910004,44070000
3/1/1981,131.270004,132.960007,130.149994,132.009995,132.009995,47710000
4/1/1981,136,137.559998,135.039993,136.570007,136.570007,54880000
5/1/1981,132.809998,134.169998,131.429993,132.720001,132.720001,48360000
6/1/1981,132.589996,134.619995,131.490005,132.410004,132.410004,62170000
7/1/1981,131.210007,131.690002,129.039993,129.770004,129.770004,49080000
8/1/1981,130.919998,131.740005,129.419998,130.479996,130.479996,39650000
9/1/1981,122.790001,123.919998,121.589996,123.019997,123.019997,45110000
10/1/1981,116.18,117.660004,115,117.080002,117.080002,41600000
11/1/1981,122.349998,125.139999,122.349998,124.199997,124.199997,65100000
12/1/1981,126.349998,127.300003,124.839996,126.099998,126.099998,53980000
1/1/1982,122.550003,123.720001,121.480003,122.739998,122.739998,36760000
2/1/1982,119.809998,119.809998,117.139999,117.779999,117.779999,47720000
3/1/1982,113.110001,114.32,111.860001,113.309998,113.309998,53010000
4/1/1982,111.959999,114.220001,111.480003,113.790001,113.790001,57100000
5/1/1982,115.959999,116.82,115.910004,116.82,116.82,46490000
6/1/1982,111.970001,112.07,111.660004,111.68,111.68,41650000
7/1/1982,109.519997,109.629997,108.620003,108.709999,108.709999,47900000
8/1/1982,107.709999,109.089996,107.110001,108.980003,108.980003,53460000
9/1/1982,119.519997,120.050003,117.980003,118.25,118.25,82830000
10/1/1982,120.400002,121.970001,120.150002,121.970001,121.970001,65000000
11/1/1982,133.720001,136.029999,133.220001,135.470001,135.470001,73530000
12/1/1982,138.559998,140.369995,138.350006,138.720001,138.720001,107850000
1/1/1983,140.649994,141.330002,138.199997,138.339996,138.339996,59080000
2/1/1983,145.289993,145.289993,142.960007,142.960007,142.960007,82750000
3/1/1983,148.070007,150.880005,148.070007,150.880005,150.880005,103750000
4/1/1983,152.919998,153.020004,152.229996,153.020004,153.020004,66010000
5/1/1983,164.410004,164.419998,161.990005,162.110001,162.110001,88170000
6/1/1983,162.380005,162.639999,161.330002,162.550003,162.550003,84460000
7/1/1983,168.110001,168.639999,167.770004,168.639999,168.639999,65110000
8/1/1983,162.339996,162.779999,161.550003,162.039993,162.039993,77210000
9/1/1983,164.399994,164.660004,163.949997,164.229996,164.229996,76120000
10/1/1983,165.990005,166.070007,164.929993,165.809998,165.809998,77230000
11/1/1983,163.550003,163.660004,162.369995,163.660004,163.660004,84460000
12/1/1983,166.369995,166.770004,166.080002,166.490005,166.490005,106970000
1/1/1984,164.929993,164.929993,163.979996,164.039993,164.039993,71340000
2/1/1984,163.410004,164,162.270004,162.740005,162.740005,107100000
3/1/1984,157.059998,158.190002,156.770004,158.190002,158.190002,82010000
4/1/1984,159.179993,159.869995,157.630005,157.979996,157.979996,85680000
5/1/1984,160.050003,161.690002,160.050003,161.679993,161.679993,110550000
6/1/1984,150.550003,153.240005,150.550003,153.240005,153.240005,96040000
7/1/1984,153.160004,153.220001,152.440002,153.199997,153.199997,69230000
8/1/1984,150.660004,154.080002,150.660004,154.080002,154.080002,127500000
9/1/1984,166.679993,166.679993,164.729996,164.880005,164.880005,62110000
10/1/1984,166.100006,166.100006,164.479996,164.619995,164.619995,73630000
11/1/1984,166.089996,167.830002,166.089996,167.490005,167.490005,107300000
12/1/1984,163.580002,163.580002,162.289993,162.820007,162.820007,95300000
1/1/1985,167.199997,167.199997,165.190002,165.369995,165.369995,67820000
2/1/1985,179.630005,179.630005,178.440002,178.630005,178.630005,105400000
3/1/1985,181.179993,183.889999,181.160004,183.229996,183.229996,139900000
4/1/1985,180.660004,181.270004,180.429993,181.270004,181.270004,89900000
5/1/1985,179.830002,180.039993,178.350006,178.369995,178.369995,101600000
6/1/1985,189.550003,190.360001,188.929993,189.320007,189.320007,125000000
7/1/1985,191.850006,192.429993,191.169998,192.429993,192.429993,96080000
8/1/1985,190.919998,192.169998,190.910004,192.110001,192.110001,121500000
9/1/1985,188.630005,188.630005,187.380005,187.910004,187.910004,81190000
10/1/1985,182.059998,185.080002,182.020004,185.070007,185.070007,130200000
11/1/1985,189.820007,191.529999,189.369995,191.529999,191.529999,129400000
12/1/1985,202.169998,202.190002,200.199997,200.460007,200.460007,103500000
1/1/1986,211.279999,211.279999,208.929993,209.589996,209.589996,98960000
2/1/1986,211.779999,214.179993,211.600006,213.960007,213.960007,145300000
3/1/1986,226.919998,226.919998,224.410004,225.419998,225.419998,142700000
4/1/1986,238.899994,239.100006,234.570007,235.139999,235.139999,167400000
5/1/1986,235.520004,236.009995,234.210007,235.160004,235.160004,146500000
6/1/1986,246.039993,247.740005,243.830002,245.039993,245.039993,120600000
7/1/1986,250.669998,252.039993,250.529999,252.039993,252.039993,147700000
8/1/1986,236.119995,236.889999,234.589996,234.910004,234.910004,114900000
9/1/1986,252.929993,253.300003,248.139999,248.520004,248.520004,135500000
10/1/1986,231.320007,234.619995,231.320007,233.600006,233.600006,143600000
11/1/1986,243.970001,245.800003,243.929993,245.800003,245.800003,138200000
12/1/1986,249.220001,249.220001,245.720001,249.050003,249.050003,133800000
1/1/1987,242.169998,246.449997,242.169998,246.449997,246.449997,91880000
2/1/1987,274.079987,277.350006,273.160004,276.450012,276.450012,177400000
3/1/1987,284.170013,284.829987,282.299988,283,283,156700000
4/1/1987,291.589996,292.380005,288.339996,292.380005,292.380005,182600000
5/1/1987,286.98999,289.709991,286.519989,288.029999,288.029999,160100000
6/1/1987,290.119995,291.959991,289.230011,289.829987,289.829987,149300000
7/1/1987,303.98999,304,302.529999,302.940002,302.940002,157000000
8/1/1987,318.619995,320.26001,316.519989,317.570007,317.570007,207800000
9/1/1987,329.809998,332.179993,322.829987,323.399994,323.399994,193500000
10/1/1987,321.829987,327.339996,321.829987,327.329987,327.329987,193200000
11/1/1987,251.729996,255.75,249.149994,255.75,255.75,176000000
12/1/1987,230.320007,234.020004,230.300003,232,232,149870000
1/1/1988,247.100006,256.440002,247.080002,255.940002,255.940002,181810000
2/1/1988,257.049988,258.269989,254.929993,255.039993,255.039993,210660000
3/1/1988,267.820007,267.950012,265.390015,267.220001,267.220001,199990000
4/1/1988,258.890015,259.059998,255.679993,256.089996,256.089996,182240000
5/1/1988,261.359985,261.559998,259.98999,261.559998,261.559998,136470000
6/1/1988,262.160004,267.429993,262.100006,266.690002,266.690002,234560000
7/1/1988,273.5,273.799988,270.779999,271.779999,271.779999,238330000
8/1/1988,272.029999,272.799988,271.209991,272.209991,272.209991,138170000
9/1/1988,261.519989,261.519989,256.980011,258.350006,258.350006,144090000
10/1/1988,271.890015,271.910004,268.839996,271.380005,271.380005,130380000
11/1/1988,278.970001,279.570007,278.01001,279.059998,279.059998,151250000
12/1/1988,273.679993,273.700012,272.269989,272.48999,272.48999,129380000
1/1/1989,277.720001,277.720001,273.809998,275.309998,275.309998,128500000
2/1/1989,297.470001,298.329987,296.220001,297.089996,297.089996,215640000
3/1/1989,288.859985,290.279999,286.459991,287.109985,287.109985,177210000
4/1/1989,294.869995,297.040009,294.619995,296.390015,296.390015,164660000
5/1/1989,309.640015,309.640015,307.399994,309.119995,309.119995,138050000
6/1/1989,320.51001,322.570007,320.01001,321.970001,321.970001,223160000
7/1/1989,317.980011,319.269989,317.269989,319.230011,319.230011,68870000
8/1/1989,346.079987,347.98999,342.929993,343.75,343.75,225280000
9/1/1989,351.450012,353.899994,350.880005,353.730011,353.730011,133300000
10/1/1989,349.149994,350.98999,348.350006,350.869995,350.869995,127410000
11/1/1989,340.359985,341.73999,339.790009,341.200012,341.200012,154240000
12/1/1989,346.01001,351.880005,345.98999,350.630005,350.630005,199200000
1/1/1990,353.399994,359.690002,351.980011,359.690002,359.690002,162070000
2/1/1990,329.079987,329.859985,327.76001,328.790009,328.790009,154580000
3/1/1990,331.890015,334.399994,331.079987,332.73999,332.73999,157930000
4/1/1990,339.940002,339.940002,336.329987,338.700012,338.700012,124360000
5/1/1990,330.799988,332.829987,330.799988,332.25,332.25,149020000
6/1/1990,361.26001,363.519989,361.209991,363.160004,363.160004,187860000
7/1/1990,358.019989,359.579987,357.540009,359.540009,359.540009,130200000
8/1/1990,356.149994,357.350006,353.820007,355.519989,355.519989,178260000
9/1/1990,322.559998,323.089996,319.109985,323.089996,323.089996,92940000
10/1/1990,306.100006,314.940002,306.100006,314.940002,314.940002,202210000
11/1/1990,303.98999,307.269989,301.609985,307.019989,307.019989,159270000
12/1/1990,322.230011,324.899994,322.230011,324.100006,324.100006,177000000
1/1/1991,330.200012,330.75,326.450012,326.450012,326.450012,126280000
2/1/1991,343.910004,344.899994,340.369995,343.049988,343.049988,246670000
3/1/1991,367.070007,370.470001,363.730011,370.470001,370.470001,221510000
4/1/1991,375.220001,375.220001,370.269989,371.299988,371.299988,144010000
5/1/1991,375.350006,380.459991,375.269989,380.290009,380.290009,181900000
6/1/1991,389.809998,389.809998,386.970001,388.059998,388.059998,173990000
7/1/1991,371.179993,377.920013,371.179993,377.920013,377.920013,167480000
8/1/1991,387.809998,387.950012,386.480011,387.119995,387.119995,170610000
9/1/1991,395.429993,397.619995,392.100006,392.149994,392.149994,153600000
10/1/1991,387.859985,389.559998,387.859985,389.200012,389.200012,163570000
11/1/1991,392.459991,395.100006,389.670013,391.320007,391.320007,205780000
12/1/1991,375.109985,381.399994,371.359985,381.399994,381.399994,188410000
1/1/1992,417.029999,417.269989,411.040009,417.26001,417.26001,207570000
2/1/1992,408.790009,409.950012,407.450012,409.529999,409.529999,185290000
3/1/1992,412.679993,413.73999,411.519989,412.450012,412.450012,180380000
4/1/1992,403.670013,404.5,400.75,404.230011,404.230011,186530000
5/1/1992,414.950012,415.209991,409.869995,412.529999,412.529999,177390000
6/1/1992,415.350006,417.299988,412.440002,417.299988,417.299988,180800000
7/1/1992,408.200012,412.880005,408.200012,412.880005,412.880005,214250000
8/1/1992,424.190002,425.089996,422.839996,425.089996,425.089996,164460000
9/1/1992,414.029999,416.070007,413.350006,416.070007,416.070007,172680000
10/1/1992,417.799988,418.670013,415.459991,416.290009,416.290009,204780000
11/1/1992,418.660004,422.75,418.119995,422.75,422.75,203280000
12/1/1992,431.350006,431.470001,429.200012,430.779999,430.779999,259050000
1/1/1993,435.700012,437.320007,434.480011,435.380005,435.380005,201210000
2/1/1993,438.779999,442.519989,438.779999,442.519989,442.519989,238570000
3/1/1993,443.380005,444.179993,441.339996,442.01001,442.01001,232460000
4/1/1993,451.670013,452.630005,449.600006,450.299988,450.299988,234530000
5/1/1993,440.190002,442.589996,438.25,442.459991,442.459991,224970000
6/1/1993,450.230011,455.630005,450.230011,453.829987,453.829987,229690000
7/1/1993,450.540009,451.149994,448.709991,449.019989,449.019989,292040000
8/1/1993,448.130005,450.149994,448.029999,450.149994,450.149994,230380000
9/1/1993,463.549988,463.799988,461.769989,463.149994,463.149994,245040000
10/1/1993,458.929993,461.480011,458.350006,461.279999,461.279999,256880000
11/1/1993,467.829987,469.109985,467.329987,469.100006,469.100006,256030000
12/1/1993,461.929993,464.470001,461.630005,461.890015,461.890015,293870000
1/1/1994,466.51001,466.940002,464.359985,465.440002,465.440002,270140000
2/1/1994,481.600006,481.640015,479.179993,479.619995,479.619995,322510000
3/1/1994,467.190002,467.429993,462.019989,464.440002,464.440002,304450000
4/1/1994,445.660004,445.660004,435.859985,438.920013,438.920013,344390000
5/1/1994,450.910004,453.570007,449.049988,453.019989,453.019989,296130000
6/1/1994,456.5,458.290009,453.98999,457.630005,457.630005,279910000
7/1/1994,444.269989,446.450012,443.579987,446.200012,446.200012,199030000
8/1/1994,458.279999,461.01001,458.079987,461.01001,461.01001,258180000
9/1/1994,475.48999,475.48999,471.73999,473.170013,473.170013,282830000
10/1/1994,462.690002,463.309998,460.329987,461.73999,461.73999,269130000
11/1/1994,472.26001,472.26001,467.640015,468.420013,468.420013,314940000
12/1/1994,453.549988,453.910004,447.970001,448.920013,448.920013,285920000
1/1/1995,459.209991,459.269989,457.200012,459.109985,459.109985,262450000
2/1/1995,470.420013,472.75,469.290009,470.399994,470.399994,395310000
3/1/1995,487.390015,487.829987,484.920013,485.649994,485.649994,362600000
4/1/1995,500.700012,501.910004,500.200012,501.850006,501.850006,296430000
5/1/1995,514.76001,515.599976,513.419983,514.26001,514.26001,296830000
6/1/1995,533.400024,534.210022,530.049988,533.48999,533.48999,345920000
7/1/1995,544.75,547.099976,544.429993,547.090027,547.090027,117900000
8/1/1995,562.059998,562.109985,556.669983,559.640015,559.640015,332210000
9/1/1995,561.880005,564.619995,561.01001,563.840027,563.840027,256730000
10/1/1995,584.409973,585.049988,580.539978,581.719971,581.719971,304990000
11/1/1995,581.5,584.23999,581.039978,584.219971,584.219971,378090000
12/1/1995,605.369995,608.109985,605.369995,606.97998,606.97998,393310000
1/1/1996,615.929993,620.73999,613.169983,620.72998,620.72998,364180000
2/1/1996,636.02002,638.460022,634.539978,638.460022,638.460022,461430000
3/1/1996,640.429993,644.380005,635,644.369995,644.369995,471480000
4/1/1996,645.5,653.869995,645.5,653.72998,653.72998,392120000
5/1/1996,654.169983,656.440002,652.26001,654.580017,654.580017,404620000
6/1/1996,669.119995,669.119995,665.190002,667.679993,667.679993,318470000
7/1/1996,670.630005,675.880005,670.630005,675.880005,675.880005,345750000
8/1/1996,639.950012,650.659973,639.48999,650.02002,650.02002,439110000
9/1/1996,651.98999,655.130005,643.969971,654.719971,654.719971,345740000
10/1/1996,687.309998,689.539978,684.440002,689.080017,689.080017,421550000
11/1/1996,705.27002,708.599976,701.299988,703.77002,703.77002,465510000
12/1/1996,757.02002,757.030029,751.48999,756.559998,756.559998,412520000
1/1/1997,740.73999,742.809998,729.549988,737.01001,737.01001,463230000
2/1/1997,786.159973,787.140015,783.119995,786.72998,786.72998,463600000
3/1/1997,790.820007,795.309998,785.659973,795.309998,795.309998,437220000
4/1/1997,757.119995,761.48999,751.26001,759.640015,759.640015,515770000
5/1/1997,801.340027,802.950012,793.210022,798.530029,798.530029,460380000
6/1/1997,848.280029,851.340027,844.609985,846.359985,846.359985,435950000
7/1/1997,885.140015,893.880005,884.539978,891.030029,891.030029,544190000
8/1/1997,954.289978,955.349976,939.039978,947.140015,947.140015,513750000
9/1/1997,899.469971,927.580017,899.469971,927.580017,927.580017,491870000
10/1/1997,947.280029,956.710022,947.280029,955.409973,955.409973,598660000
11/1/1997,914.619995,939.02002,914.619995,938.98999,938.98999,564740000
12/1/1997,955.400024,974.77002,955.400024,974.77002,974.77002,590300000
1/1/1998,970.429993,975.039978,965.72998,975.039978,975.039978,366730000
2/1/1998,980.280029,1002.47998,980.280029,1001.27002,1001.27002,724320000
3/1/1998,1049.339966,1053.97998,1044.699951,1047.699951,1047.699951,591470000
4/1/1998,1101.75,1109.189941,1095.290039,1108.150024,1108.150024,677310000
5/1/1998,1111.75,1121.02002,1111.75,1121,1121,581970000
6/1/1998,1090.819946,1097.849976,1084.219971,1090.97998,1090.97998,537660000
7/1/1998,1133.839966,1148.560059,1133.839966,1148.560059,1148.560059,701600000
8/1/1998,1120.670044,1121.790039,1110.390015,1112.439941,1112.439941,620400000
9/1/1998,957.280029,1000.710022,939.97998,994.26001,994.26001,1216600000
10/1/1998,1017.01001,1017.01001,981.289978,986.390015,986.390015,899700000
11/1/1998,1098.670044,1114.439941,1098.670044,1111.599976,1111.599976,753800000
12/1/1998,1163.630005,1175.890015,1150.310059,1175.280029,1175.280029,789200000
1/1/1999,1229.22998,1248.810059,1219.099976,1228.099976,1228.099976,877000000
2/1/1999,1279.640015,1283.75,1271.310059,1273,1273,799400000
3/1/1999,1238.329956,1238.699951,1221.880005,1236.160034,1236.160034,699500000
4/1/1999,1286.369995,1294.540039,1282.560059,1293.719971,1293.719971,703000000
5/1/1999,1335.180054,1354.630005,1329.01001,1354.630005,1354.630005,811400000
6/1/1999,1301.839966,1301.839966,1281.439941,1294.26001,1294.26001,683800000
7/1/1999,1372.709961,1382.800049,1360.800049,1380.959961,1380.959961,843400000
8/1/1999,1328.719971,1344.689941,1325.209961,1328.050049,1328.050049,649550000
9/1/1999,1320.410034,1331.180054,1320.390015,1331.069946,1331.069946,708200000
10/1/1999,1282.709961,1283.170044,1265.780029,1282.810059,1282.810059,896200000
11/1/1999,1362.930054,1367.300049,1354.050049,1354.119995,1354.119995,861000000
12/1/1999,1388.910034,1400.119995,1387.380005,1397.719971,1397.719971,884000000
1/1/2000,1469.25,1478,1438.359985,1455.219971,1455.219971,931800000
2/1/2000,1394.459961,1412.48999,1384.790039,1409.280029,1409.280029,981000000
3/1/2000,1366.420044,1383.459961,1366.420044,1379.189941,1379.189941,1274100000
4/1/2000,1498.579956,1507.189941,1486.959961,1505.969971,1505.969971,1021700000
5/1/2000,1452.430054,1481.51001,1452.430054,1468.25,1468.25,966300000
6/1/2000,1420.599976,1448.810059,1420.599976,1448.810059,1448.810059,960100000
7/1/2000,1454.599976,1469.579956,1450.849976,1469.540039,1469.540039,451900000
8/1/2000,1430.829956,1443.540039,1428.959961,1438.099976,1438.099976,938700000
9/1/2000,1517.680054,1530.089966,1515.530029,1520.77002,1520.77002,767700000
10/1/2000,1436.52002,1445.599976,1429.829956,1436.22998,1436.22998,1051200000
11/1/2000,1429.400024,1429.599976,1410.449951,1421.219971,1421.219971,1206800000
12/1/2000,1314.949951,1334.670044,1307.02002,1315.22998,1315.22998,1195200000
1/1/2001,1320.280029,1320.280029,1276.050049,1283.27002,1283.27002,1129400000
2/1/2001,1366.01001,1373.5,1359.339966,1373.469971,1373.469971,1118800000
3/1/2001,1239.939941,1241.359985,1214.5,1241.22998,1241.22998,1294900000
4/1/2001,1160.329956,1169.51001,1137.51001,1145.869995,1145.869995,1254900000
5/1/2001,1249.459961,1266.469971,1243.550049,1266.439941,1266.439941,1181300000
6/1/2001,1255.819946,1265.339966,1246.880005,1260.670044,1260.670044,1015000000
7/1/2001,1224.420044,1239.780029,1224.030029,1236.719971,1236.719971,1128300000
8/1/2001,1211.22998,1223.040039,1211.22998,1215.930054,1215.930054,1340300000
9/1/2001,1133.579956,1155.400024,1129.060059,1132.939941,1132.939941,1178300000
10/1/2001,1040.939941,1040.939941,1026.76001,1038.550049,1038.550049,1175600000
11/1/2001,1059.780029,1085.609985,1054.310059,1084.099976,1084.099976,1317400000
12/1/2001,1139.449951,1139.449951,1125.780029,1129.900024,1129.900024,1202900000
1/1/2002,1148.079956,1154.670044,1136.22998,1154.670044,1154.670044,1171000000
2/1/2002,1130.199951,1130.199951,1118.51001,1122.199951,1122.199951,1367200000
3/1/2002,1106.72998,1131.790039,1106.72998,1131.780029,1131.780029,1456500000
4/1/2002,1147.390015,1147.839966,1132.869995,1146.540039,1146.540039,1050900000
5/1/2002,1076.920044,1088.319946,1065.290039,1086.459961,1086.459961,1451400000
6/1/2002,1067.140015,1070.73999,1039.900024,1040.680054,1040.680054,1324300000
7/1/2002,989.820007,994.460022,967.429993,968.650024,968.650024,1425500000
8/1/2002,911.619995,911.619995,882.47998,884.659973,884.659973,1672200000
9/1/2002,916.070007,916.070007,877.51001,878.02002,878.02002,1289800000
10/1/2002,815.280029,847.929993,812.820007,847.909973,847.909973,1780900000
11/1/2002,885.76001,903.419983,877.710022,900.960022,900.960022,1450400000
12/1/2002,936.309998,954.280029,927.719971,934.530029,934.530029,1612000000
1/1/2003,879.820007,909.030029,879.820007,909.030029,909.030029,1229200000
2/1/2003,855.700012,864.640015,855.700012,860.320007,860.320007,1258500000
3/1/2003,841.150024,852.340027,832.73999,834.809998,834.809998,1208900000
4/1/2003,848.179993,861.280029,847.849976,858.47998,858.47998,1461600000
5/1/2003,916.919983,919.679993,902.830017,916.299988,916.299988,1397500000
6/1/2003,963.590027,979.109985,963.590027,967,967,1662500000
7/1/2003,974.5,983.26001,962.099976,982.320007,982.320007,1460200000
8/1/2003,990.309998,990.309998,978.859985,980.150024,980.150024,1390600000
9/1/2003,1008.01001,1022.590027,1005.72998,1021.98999,1021.98999,1470500000
10/1/2003,995.969971,1018.219971,995.969971,1018.219971,1018.219971,1566300000
11/1/2003,1050.709961,1061.439941,1050.709961,1059.02002,1059.02002,1378200000
12/1/2003,1058.199951,1070.469971,1058.199951,1070.119995,1070.119995,1375000000
1/1/2004,1111.920044,1118.849976,1105.079956,1108.47998,1108.47998,1153200000
2/1/2004,1131.130005,1142.449951,1127.869995,1135.26001,1135.26001,1599200000
3/1/2004,1144.939941,1157.449951,1144.939941,1155.969971,1155.969971,1497100000
4/1/2004,1126.209961,1135.670044,1126.199951,1132.170044,1132.170044,1560700000
5/1/2004,1107.300049,1118.719971,1107.300049,1117.48999,1117.48999,1571600000
6/1/2004,1120.680054,1122.699951,1113.319946,1121.199951,1121.199951,1238000000
7/1/2004,1140.839966,1140.839966,1123.060059,1128.939941,1128.939941,1495700000
8/1/2004,1101.719971,1108.599976,1097.339966,1106.619995,1106.619995,1276000000
9/1/2004,1104.23999,1109.23999,1099.180054,1105.910034,1105.910034,1142100000
10/1/2004,1114.579956,1131.640015,1114.579956,1131.5,1131.5,1582200000
11/1/2004,1130.199951,1133.410034,1127.599976,1130.51001,1130.51001,1395900000
12/1/2004,1173.780029,1191.369995,1173.780029,1191.369995,1191.369995,1772800000
1/1/2005,1211.920044,1217.800049,1200.319946,1202.079956,1202.079956,1510800000
2/1/2005,1181.27002,1190.390015,1180.949951,1189.410034,1189.410034,1681980000
3/1/2005,1203.599976,1212.25,1203.599976,1210.410034,1210.410034,1708060000
4/1/2005,1180.589966,1189.800049,1169.910034,1172.920044,1172.920044,2168690000
5/1/2005,1156.849976,1162.869995,1154.709961,1162.160034,1162.160034,1980040000
6/1/2005,1191.5,1205.640015,1191.030029,1202.219971,1202.219971,1810100000
7/1/2005,1191.329956,1197.890015,1191.329956,1194.439941,1194.439941,1593820000
8/1/2005,1234.180054,1239.099976,1233.800049,1235.349976,1235.349976,1716870000
9/1/2005,1220.329956,1227.290039,1216.180054,1221.589966,1221.589966,2229860000
10/1/2005,1228.810059,1233.339966,1225.150024,1226.699951,1226.699951,2097490000
11/1/2005,1207.01001,1207.339966,1201.660034,1202.76001,1202.76001,2457850000
12/1/2005,1249.47998,1266.170044,1249.47998,1264.670044,1264.670044,2614830000
1/1/2006,1248.290039,1270.219971,1245.73999,1268.800049,1268.800049,2554570000
2/1/2006,1280.079956,1283.329956,1277.569946,1282.459961,1282.459961,2589410000
3/1/2006,1280.660034,1291.800049,1280.660034,1291.23999,1291.23999,2308320000
4/1/2006,1302.880005,1309.189941,1296.650024,1297.810059,1297.810059,2494080000
5/1/2006,1310.609985,1317.209961,1303.459961,1305.189941,1305.189941,2437040000
6/1/2006,1270.050049,1285.709961,1269.189941,1285.709961,1285.709961,2360160000
7/1/2006,1270.060059,1280.380005,1270.060059,1280.189941,1280.189941,1114470000
8/1/2006,1278.530029,1278.660034,1265.709961,1270.920044,1270.920044,2527690000
9/1/2006,1303.800049,1312.030029,1303.800049,1311.01001,1311.01001,1800520000
10/1/2006,1335.819946,1338.540039,1330.280029,1331.319946,1331.319946,2154480000
11/1/2006,1377.76001,1381.949951,1366.26001,1367.810059,1367.810059,2821160000
12/1/2006,1400.630005,1402.459961,1385.930054,1396.709961,1396.709961,2800980000
1/1/2007,1418.030029,1429.420044,1407.859985,1416.599976,1416.599976,3429160000
2/1/2007,1437.900024,1446.640015,1437.900024,1445.939941,1445.939941,2914890000
3/1/2007,1406.800049,1409.459961,1380.869995,1403.170044,1403.170044,3874910000
4/1/2007,1420.829956,1425.48999,1416.369995,1424.550049,1424.550049,2875880000
5/1/2007,1482.369995,1487.27002,1476.699951,1486.300049,1486.300049,3400350000
6/1/2007,1530.619995,1540.560059,1530.619995,1536.339966,1536.339966,2927020000
7/1/2007,1504.660034,1519.449951,1504.660034,1519.430054,1519.430054,2648990000
8/1/2007,1455.180054,1468.380005,1439.589966,1465.810059,1465.810059,5256780000
9/1/2007,1473.959961,1496.400024,1472.150024,1489.420044,1489.420044,2766600000
10/1/2007,1527.290039,1549.02002,1527.25,1547.040039,1547.040039,3281990000
11/1/2007,1545.790039,1545.790039,1506.660034,1508.439941,1508.439941,4241470000
12/1/2007,1479.630005,1481.160034,1470.079956,1472.420044,1472.420044,3323250000
1/1/2008,1467.969971,1471.77002,1442.069946,1447.160034,1447.160034,3452650000
2/1/2008,1378.599976,1396.02002,1375.930054,1395.420044,1395.420044,4650770000
3/1/2008,1330.449951,1335.130005,1320.040039,1331.339966,1331.339966,4117570000
4/1/2008,1326.410034,1370.180054,1326.410034,1370.180054,1370.180054,4745120000
5/1/2008,1385.969971,1410.069946,1383.069946,1409.339966,1409.339966,4448780000
6/1/2008,1399.619995,1399.619995,1377.790039,1385.670044,1385.670044,3714320000
7/1/2008,1276.689941,1285.310059,1260.680054,1284.910034,1284.910034,5846290000
8/1/2008,1269.420044,1270.52002,1254.540039,1260.310059,1260.310059,4684870000
9/1/2008,1287.829956,1303.040039,1272.199951,1277.579956,1277.579956,4783560000
10/1/2008,1164.170044,1167.030029,1140.77002,1161.060059,1161.060059,5782130000
11/1/2008,968.669983,975.570007,958.820007,966.299988,966.299988,4492280000
12/1/2008,888.609985,888.609985,815.690002,816.210022,816.210022,6052010000
1/1/2009,902.98999,934.72998,899.349976,931.799988,931.799988,4048270000
2/1/2009,823.090027,830.780029,812.869995,825.440002,825.440002,5673270000
3/1/2009,729.570007,729.570007,699.700012,700.820007,700.820007,7868290000
4/1/2009,793.590027,813.619995,783.320007,811.080017,811.080017,6034140000
5/1/2009,872.73999,880.47998,866.099976,877.52002,877.52002,5312170000
6/1/2009,923.26001,947.77002,923.26001,942.869995,942.869995,6370440000
7/1/2009,920.820007,931.919983,920.820007,923.330017,923.330017,3919400000
8/1/2009,990.219971,1003.609985,990.219971,1002.630005,1002.630005,5603440000
9/1/2009,1019.52002,1028.449951,996.280029,998.039978,998.039978,6862360000
10/1/2009,1054.910034,1054.910034,1029.449951,1029.849976,1029.849976,5791450000
11/1/2009,1036.180054,1052.180054,1029.380005,1042.880005,1042.880005,6202640000
12/1/2009,1098.890015,1112.280029,1098.890015,1108.859985,1108.859985,4249310000
1/1/2010,1116.560059,1133.869995,1116.560059,1132.98999,1132.98999,3991400000
2/1/2010,1073.890015,1089.380005,1073.890015,1089.189941,1089.189941,4077610000
3/1/2010,1105.359985,1116.109985,1105.359985,1115.709961,1115.709961,3847640000
4/1/2010,1171.22998,1181.430054,1170.689941,1178.099976,1178.099976,4006870000
5/1/2010,1188.579956,1205.130005,1188.579956,1202.26001,1202.26001,4938050000
6/1/2010,1087.300049,1094.77002,1069.890015,1070.709961,1070.709961,5271480000
7/1/2010,1031.099976,1033.579956,1010.909973,1027.369995,1027.369995,6435770000
8/1/2010,1107.530029,1127.300049,1107.530029,1125.859985,1125.859985,4144180000
9/1/2010,1049.719971,1081.300049,1049.719971,1080.290039,1080.290039,4396880000
10/1/2010,1143.48999,1150.300049,1139.420044,1146.23999,1146.23999,4298910000
11/1/2010,1185.709961,1195.810059,1177.650024,1184.380005,1184.380005,4129180000
12/1/2010,1186.599976,1207.609985,1186.599976,1206.069946,1206.069946,4548110000
1/1/2011,1257.619995,1276.170044,1257.619995,1271.869995,1271.869995,4286670000
2/1/2011,1289.140015,1308.859985,1289.140015,1307.589966,1307.589966,5164500000
3/1/2011,1328.640015,1332.089966,1306.140015,1306.329956,1306.329956,1180420000
4/1/2011,1329.47998,1337.849976,1328.890015,1332.410034,1332.410034,4223740000
5/1/2011,1365.209961,1370.579956,1358.589966,1361.219971,1361.219971,3846250000
6/1/2011,1345.199951,1345.199951,1313.709961,1314.550049,1314.550049,4241090000
7/1/2011,1320.640015,1341.01001,1318.180054,1339.670044,1339.670044,3796930000
8/1/2011,1292.589966,1307.380005,1274.72998,1286.939941,1286.939941,4967390000
9/1/2011,1219.119995,1229.290039,1203.849976,1204.420044,1204.420044,4780410000
10/1/2011,1131.209961,1138.98999,1098.920044,1099.22998,1099.22998,5670340000
11/1/2011,1251,1251,1215.420044,1218.280029,1218.280029,5645540000
12/1/2011,1246.910034,1251.089966,1239.72998,1244.579956,1244.579956,3818680000
1/1/2012,1258.859985,1284.619995,1258.859985,1277.060059,1277.060059,3943710000
2/1/2012,1312.449951,1330.52002,1312.449951,1324.089966,1324.089966,4504360000
3/1/2012,1365.900024,1376.170044,1365.900024,1374.089966,1374.089966,3919240000
4/1/2012,1408.469971,1422.380005,1404.459961,1419.040039,1419.040039,3572010000
5/1/2012,1397.859985,1415.319946,1395.72998,1405.819946,1405.819946,3807950000
6/1/2012,1309.869995,1309.869995,1277.25,1278.040039,1278.040039,4669350000
7/1/2012,1362.329956,1366.349976,1355.699951,1365.51001,1365.51001,3301650000
8/1/2012,1379.319946,1385.030029,1373.349976,1375.319946,1375.319946,4440920000
9/1/2012,1406.540039,1409.310059,1396.560059,1404.939941,1404.939941,3200310000
10/1/2012,1440.900024,1457.140015,1440.900024,1444.48999,1444.48999,3505080000
11/1/2012,1412.199951,1428.349976,1412.199951,1427.589966,1427.589966,3929890000
12/1/2012,1416.339966,1423.72998,1408.459961,1409.459961,1409.459961,3074280000
1/1/2013,1426.189941,1462.430054,1426.189941,1462.420044,1462.420044,4202600000
2/1/2013,1498.109985,1514.410034,1498.109985,1513.170044,1513.170044,3836320000
3/1/2013,1514.680054,1519.98999,1501.47998,1518.199951,1518.199951,3695610000
4/1/2013,1569.180054,1570.569946,1558.469971,1562.170044,1562.170044,2753110000
5/1/2013,1597.550049,1597.550049,1581.280029,1582.699951,1582.699951,3530320000
6/1/2013,1631.709961,1640.420044,1622.719971,1640.420044,1640.420044,3952070000
7/1/2013,1609.780029,1626.609985,1609.780029,1614.959961,1614.959961,3104690000
8/1/2013,1689.420044,1707.849976,1689.420044,1706.869995,1706.869995,3775170000
9/1/2013,1635.949951,1651.349976,1633.410034,1639.77002,1639.77002,3731610000
10/1/2013,1682.410034,1696.550049,1682.069946,1695,1695,3238690000
11/1/2013,1758.699951,1765.670044,1752.699951,1761.640015,1761.640015,3686290000
12/1/2013,1806.550049,1810.02002,1798.599976,1800.900024,1800.900024,3095430000
1/1/2014,1845.859985,1845.859985,1827.73999,1831.97998,1831.97998,3080600000
2/1/2014,1782.680054,1784.829956,1739.660034,1741.890015,1741.890015,4726040000
3/1/2014,1857.680054,1857.680054,1834.439941,1845.72998,1845.72998,3428220000
4/1/2014,1873.959961,1885.839966,1873.959961,1885.52002,1885.52002,3336190000
5/1/2014,1884.390015,1888.589966,1878.040039,1883.680054,1883.680054,3416740000
6/1/2014,1923.869995,1925.880005,1915.97998,1924.969971,1924.969971,2509020000
7/1/2014,1962.290039,1978.579956,1962.290039,1973.319946,1973.319946,3188240000
8/1/2014,1929.800049,1937.349976,1916.369995,1925.150024,1925.150024,3789660000
9/1/2014,2004.069946,2006.119995,1994.849976,2002.280029,2002.280029,2819980000
10/1/2014,1971.439941,1971.439941,1941.719971,1946.160034,1946.160034,4188590000
11/1/2014,2018.209961,2024.459961,2013.680054,2017.810059,2017.810059,3555440000
12/1/2014,2065.780029,2065.780029,2049.570068,2053.439941,2053.439941,4159010000
1/1/2015,2058.899902,2072.360107,2046.040039,2058.199951,2058.199951,2708700000
2/1/2015,1996.670044,2021.660034,1980.900024,2020.849976,2020.849976,4008330000
3/1/2015,2105.22998,2117.52002,2104.5,2117.389893,2117.389893,3409490000
4/1/2015,2067.629883,2067.629883,2048.379883,2059.689941,2059.689941,3543270000
5/1/2015,2087.379883,2108.409912,2087.379883,2108.290039,2108.290039,3379390000
6/1/2015,2108.639893,2119.149902,2102.540039,2111.72998,2111.72998,3011710000
7/1/2015,2067,2082.780029,2067,2077.419922,2077.419922,3727260000
8/1/2015,2104.48999,2105.699951,2087.310059,2098.040039,2098.040039,3476770000
9/1/2015,1970.089966,1970.089966,1903.069946,1913.849976,1913.849976,4371850000
10/1/2015,1919.650024,1927.209961,1900.699951,1923.819946,1923.819946,3983600000
11/1/2015,2080.76001,2106.199951,2080.76001,2104.050049,2104.050049,3760020000
12/1/2015,2082.929932,2103.370117,2082.929932,2102.629883,2102.629883,3712120000
1/1/2016,2038.199951,2038.199951,1989.680054,2012.660034,2012.660034,4304880000
2/1/2016,1936.939941,1947.199951,1920.300049,1939.380005,1939.380005,4322530000
3/1/2016,1937.089966,1978.349976,1937.089966,1978.349976,1978.349976,4819750000
4/1/2016,2056.620117,2075.070068,2043.97998,2072.780029,2072.780029,3749990000
5/1/2016,2067.169922,2083.419922,2066.110107,2081.429932,2081.429932,3841110000
6/1/2016,2093.939941,2100.969971,2085.100098,2099.330078,2099.330078,3525170000
7/1/2016,2099.340088,2108.709961,2097.899902,2102.949951,2102.949951,3458890000
8/1/2016,2173.149902,2178.290039,2166.209961,2170.840088,2170.840088,3505990000
9/1/2016,2171.330078,2173.560059,2157.090088,2170.860107,2170.860107,3392120000
10/1/2016,2164.330078,2164.409912,2154.77002,2161.199951,2161.199951,3137550000
11/1/2016,2128.679932,2131.449951,2097.850098,2111.719971,2111.719971,4532160000
12/1/2016,2200.169922,2202.600098,2187.439941,2191.080078,2191.080078,5063740000
1/1/2017,2251.570068,2263.879883,2245.129883,2257.830078,2257.830078,3770530000
2/1/2017,2285.590088,2289.139893,2272.439941,2279.550049,2279.550049,3916610000
3/1/2017,2380.129883,2400.97998,2380.129883,2395.959961,2395.959961,4345180000
4/1/2017,2362.340088,2365.870117,2344.72998,2358.840088,2358.840088,3416400000
5/1/2017,2388.5,2394.48999,2384.830078,2388.330078,2388.330078,3199240000
6/1/2017,2415.649902,2430.060059,2413.540039,2430.060059,2430.060059,3857140000
7/1/2017,2431.389893,2439.169922,2428.689941,2429.01001,2429.01001,1962290000
8/1/2017,2477.100098,2478.51001,2471.139893,2476.350098,2476.350098,3460860000
9/1/2017,2474.419922,2480.379883,2473.850098,2476.550049,2476.550049,2710730000
10/1/2017,2521.199951,2529.22998,2520.399902,2529.120117,2529.120117,3199730000
11/1/2017,2583.209961,2588.399902,2574.919922,2579.360107,2579.360107,3813180000
